Promotion Type,total_revenue,gross_profit,avg_line_revenue,active_days,item_lines,total_quantity,avg_daily_revenue,gross_margin_pct,revenue_performance_index,strategy_zone
Fixed Discount,376473741.3,-230530741.3288006,17970.106983293557,175,20950,94531,2151278.521714286,-61.234215308816964,65.997394000379,Inefficient Promotion
No Promotion,10995039052.9,2195015385.575469,25082.61390454725,2737,438353,1971104,4017186.354731458,19.963688851077997,123.24012346615606,Profitable Growth
Percentage Discount,5058963791.33,302541422.1554677,19810.63959700978,1552,255366,1147508,3259641.618125,5.980304161772418,100.0,Revenue-Margin Trade-off
